Feature Barcode names,Feature Barcode sequences
CD3_TotalSeqB,AACAAGACCCTTGAG
CD4_TotalSeqB,TACCCGTAATAGCGT
CD8a_TotalSeqB,ATTGGCACTCAGATG
CD14_TotalSeqB,GAAAGTCAAAGCACT
CD15_TotalSeqB,ACGAATCAATCTGTG
CD16_TotalSeqB,GTCTTTGTCAGTGCA
CD56_TotalSeqB,GTTGTCCGACAATAC
CD19_TotalSeqB,TCAACGCTTGGCTAG
CD25_TotalSeqB,GTGCATTCAACAGTA
CD45RA_TotalSeqB,GATGAGAACAGGTTT
CD45RO_TotalSeqB,TGCATGTCATCGGTG
PD-1_TotalSeqB,AAGTCGTGAGGCATG
TIGIT_TotalSeqB,TGAAGGCTCATTTGT
CD127_TotalSeqB,ACATTGACGCAACTA
IgG2a_control_TotalSeqB,CTCTATTCAGACCAG
IgG1_control_TotalSeqB,ACTCACTGGAGTCTC
IgG2b_control_TotalSeqB,ATCACATCGTTGCCA
